position	element
100058	DNA
205591	DNA
210477	DNA
250853	DNA
256324	DNA
297117	DNA
432342	DNA
478153	DNA
484056	DNA
669955	DNA
1232559	DNA
1499629	DNA
1501314	DNA
1655838	DNA
1745470	DNA
1942962	DNA
2158421	DNA
2196213	DNA
2206054	DNA
2383421	DNA
2491746	DNA
2660458	DNA
2676968	DNA
2737455	DNA
3166324	DNA
3167484	DNA
3397556	DNA
3474568	DNA
3641843	DNA
3643702	DNA
3718162	DNA
3773564	DNA
3851633	DNA
4787130	DNA
4968366	DNA
5071892	DNA
5111157	DNA
5625557	DNA
5719550	DNA
5900064	DNA
6046958	DNA
6250350	DNA
6266265	DNA
6372017	DNA
5372	DNA/hAT-Ac
7321	DNA/hAT-Tag1
8146	DNA/hAT-Tag1
24167	DNA/hAT-Ac
79291	DNA/MuLE-MuDR
81813	DNA/Kolobok-Hydra
84765	DNA/MuLE-MuDR
97228	DNA/hAT-Ac
99591	DNA/CMC-EnSpm
127470	DNA/Kolobok-Hydra
129120	DNA/Kolobok-Hydra
145207	DNA/hAT-Ac
167543	DNA/hAT-Ac
171696	DNA/hAT-Tag1
172658	DNA/hAT-Tag1
197797	DNA/MuLE-MuDR
198669	DNA/MuLE-MuDR
199286	DNA/MuLE-MuDR
223934	DNA/hAT-Ac
224667	DNA/hAT-Tag1
228422	DNA/MULE-MuDR
231508	DNA/MULE-MuDR
235656	DNA/MULE-MuDR
242448	DNA/Kolobok-Hydra
257761	DNA/hAT-Tag1
263223	DNA/TcMar-Tc2
265407	DNA/hAT-Tag1
285471	DNA/hAT-Tag1
293840	DNA/hAT-Tag1
295285	DNA/hAT-Ac
295526	DNA/hAT-Ac
299000	DNA/hAT-Tag1
300172	DNA/CMC-EnSpm
307927	DNA/Kolobok-Hydra
309256	DNA/Kolobok-Hydra
309481	DNA/CMC-EnSpm
313414	DNA/hAT-Tag1
326973	DNA/hAT-Ac
341678	DNA/hAT-Ac
344781	DNA/MULE-MuDR
348397	DNA/MULE-MuDR
355524	DNA/MULE-MuDR
357318	DNA/hAT-Tip100
359841	DNA/MULE-MuDR
387120	DNA/hAT-Ac
439133	DNA/Kolobok-Hydra
460640	DNA/hAT-Ac
472561	DNA/hAT-Tag1
473203	DNA/MULE-MuDR
483393	DNA/Kolobok-Hydra
496203	DNA/hAT-Tag1
497225	DNA/hAT-Tag1
499471	DNA/MULE-MuDR
507679	DNA/hAT-Tag1
514682	DNA/hAT-Tag1
515311	DNA/CMC-EnSpm
516503	DNA/hAT-Tag1
517499	DNA/hAT-Tag1
525905	DNA/Merlin
562085	DNA/MULE-MuDR
563823	DNA/MULE-MuDR
568091	DNA/MULE-MuDR
605026	DNA/hAT-Ac
616338	DNA/MULE-MuDR
635723	DNA/hAT-Tag1
653069	DNA/Merlin
675846	DNA/hAT-Tag1
693852	DNA/CMC-EnSpm
697359	DNA/MULE-MuDR
701821	DNA/CMC-EnSpm
741360	DNA/IS3EU
741864	DNA/IS3EU
743607	DNA/CMC-EnSpm
759601	DNA/IS3EU
772280	DNA/MULE-MuDR
774545	DNA/MULE-MuDR
778651	DNA/MULE-MuDR
790886	DNA/IS3EU
814351	DNA/hAT-Ac
820048	DNA/hAT-Tag1
833614	DNA/hAT-Tag1
839988	DNA/hAT-Ac
903985	DNA/hAT-Tag1
914565	DNA/Kolobok-Hydra
956429	DNA/hAT-Ac
958499	DNA/CMC-EnSpm
1014857	DNA/hAT-Ac
1038774	DNA/Kolobok-Hydra
1053320	DNA/MULE-MuDR
1053527	DNA/MULE-MuDR
1053814	DNA/MULE-MuDR
1054011	DNA/CMC-EnSpm
1054459	DNA/MULE-MuDR
1063013	DNA/MULE-MuDR
1063128	DNA/MULE-MuDR
1076737	DNA/Kolobok-Hydra
1092100	DNA/hAT-Tip100
1094580	DNA/hAT-Tip100
1099351	DNA/hAT-Ac
1112863	DNA/hAT-Tag1
1167249	DNA/Kolobok-Hydra
1170169	DNA/Kolobok-Hydra
1172914	DNA/hAT-Tag1
1187355	DNA/hAT-Tag1
1202114	DNA/hAT-Tag1
1210742	DNA/hAT-Ac
1211280	DNA/hAT-Ac
1223492	DNA/hAT-Ac
1229262	DNA/hAT-Tag1
1232408	DNA/hAT-Ac
1232626	DNA/Kolobok-Hydra
1233115	DNA/Kolobok-Hydra
1234096	DNA/Kolobok-Hydra
1253486	DNA/hAT-Tag1
1256210	DNA/hAT-Ac
1257158	DNA/hAT-Ac
1269631	DNA/MuLE-MuDR
1289592	DNA/MULE-MuDR
1313947	DNA/TcMar-Tc2
1327811	DNA/hAT-Ac
1331789	DNA/MULE-MuDR
1336942	DNA/hAT-Tag1
1346545	DNA/MULE-MuDR
1354450	DNA/MULE-MuDR
1363771	DNA/hAT-Tag1
1377037	DNA/Kolobok-Hydra
1383884	DNA/CMC-EnSpm
1392914	DNA/hAT-Tag1
1400282	DNA/hAT-Ac
1416216	DNA/hAT-Ac
1440859	DNA/hAT-Ac
1500123	DNA/Kolobok-Hydra
1503119	DNA/hAT-Tag1
1531555	DNA/hAT-Ac
1531981	DNA/hAT-Ac
1547843	DNA/CMC-EnSpm
1548463	DNA/MuLE-MuDR
1573217	DNA/hAT-Ac
1575584	DNA/Kolobok-Hydra
1576819	DNA/CMC-EnSpm
1624405	DNA/MULE-MuDR
1633357	DNA/hAT-Ac
1634745	DNA/hAT-Tag1
1648149	DNA/CMC-EnSpm
1650696	DNA/MULE-MuDR
1708503	DNA/TcMar-Tc2
1708608	DNA/TcMar-Tc2
1720735	DNA/hAT-Ac
1742260	DNA/MuLE-MuDR
1746371	DNA/hAT-Ac
1753447	DNA/hAT-Ac
1867788	DNA/hAT-Ac
1899561	DNA/hAT-Ac
1924612	DNA/MuLE-MuDR
1926980	DNA/MuLE-MuDR
1927292	DNA/MuLE-MuDR
1946742	DNA/MULE-MuDR
1947617	DNA/MULE-MuDR
1948397	DNA/MULE-MuDR
1970053	DNA/Kolobok-Hydra
2014080	DNA/MULE-MuDR
2015678	DNA/MULE-MuDR
2023506	DNA/CMC-EnSpm
2063976	DNA/MULE-MuDR
2065001	DNA/MULE-MuDR
2096677	DNA/MULE-MuDR
2107682	DNA/hAT-Ac
2116540	DNA/Kolobok-Hydra
2143453	DNA/hAT-Tag1
2150283	DNA/hAT-Ac
2169599	DNA/hAT-Tag1
2174099	DNA/hAT-Tag1
2192978	DNA/TcMar-Tc2
2213614	DNA/hAT-Ac
2227690	DNA/hAT-Ac
2237056	DNA/hAT-Tag1
2238386	DNA/hAT-Tag1
2241615	DNA/hAT-Tag1
2244891	DNA/hAT-Tag1
2302441	DNA/hAT-Tip100
2311051	DNA/hAT-Tag1
2338197	DNA/hAT-Ac
2342956	DNA/Kolobok-Hydra
2382920	DNA/CMC-EnSpm
2410459	DNA/hAT-Ac
2411080	DNA/hAT-Tag1
2411316	DNA/hAT-Tag1
2413574	DNA/Kolobok-Hydra
2444013	DNA/Merlin
2476199	DNA/CMC-Transib
2491151	DNA/MULE-MuDR
2594472	DNA/hAT-Tag1
2597672	DNA/hAT-Tag1
2602329	DNA/hAT-Tag1
2602560	DNA/hAT-Tag1
2602951	DNA/hAT-Tag1
2603284	DNA/hAT-Tag1
2697273	DNA/TcMar-Tc2
2713367	DNA/MULE-MuDR
2714060	DNA/Maverick
2720880	DNA/MULE-MuDR
2721573	DNA/Maverick
2722246	DNA/Maverick
2736869	DNA/CMC-EnSpm
2743654	DNA/hAT-Tag1
2777707	DNA/hAT-Ac
2778196	DNA/hAT-Ac
2779877	DNA/hAT-Tag1
2782360	DNA/MuLE-MuDR
2783006	DNA/hAT-Tag1
2783472	DNA/MuLE-MuDR
2783969	DNA/MuLE-MuDR
2784978	DNA/MuLE-MuDR
2786593	DNA/MuLE-MuDR
2830564	DNA/hAT-Tag1
2830807	DNA/hAT-Tag1
2866080	DNA/CMC-EnSpm
2875557	DNA/hAT-Ac
2876036	DNA/hAT-Ac
2920959	DNA/TcMar-Tc2
2922419	DNA/TcMar-Tc2
2945290	DNA/hAT-Tag1
2949544	DNA/MULE-MuDR
3033614	DNA/MULE-MuDR
3052772	DNA/hAT-Tag1
3059079	DNA/hAT-Ac
3066783	DNA/hAT-Tag1
3107829	DNA/hAT-Ac
3109449	DNA/hAT-Ac
3118449	DNA/hAT-Tag1
3128702	DNA/Kolobok-Hydra
3130903	DNA/MULE-MuDR
3133974	DNA/Kolobok-Hydra
3144884	DNA/hAT-Tag1
3157623	DNA/MULE-MuDR
3182110	DNA/MULE-MuDR
3395444	DNA/Kolobok-Hydra
3419773	DNA/hAT-Ac
3434424	DNA/hAT-Tag1
3446058	DNA/CMC-EnSpm
3446420	DNA/hAT-Ac
3454685	DNA/TcMar-Tc2
3460544	DNA/hAT-Tag1
3469314	DNA/hAT-Ac
3493908	DNA/hAT-Ac
3511864	DNA/MULE-MuDR
3515236	DNA/CMC-EnSpm
3518901	DNA/MULE-MuDR
3534277	DNA/hAT-Tip100
3544989	DNA/MULE-MuDR
3604846	DNA/CMC-EnSpm
3686850	DNA/hAT-Ac
3692653	DNA/CMC-EnSpm
3715883	DNA/CMC-EnSpm
3738396	DNA/IS3EU
3740372	DNA/MULE-MuDR
3741043	DNA/MULE-MuDR
3742619	DNA/MULE-MuDR
3747867	DNA/Kolobok-Hydra
3754115	DNA/Kolobok-Hydra
3762230	DNA/hAT-Tip100
3786200	DNA/CMC-EnSpm
3786471	DNA/CMC-EnSpm
3792547	DNA/CMC-EnSpm
3795784	DNA/CMC-EnSpm
3816306	DNA/hAT-Tag1
3817567	DNA/hAT-Tag1
3822041	DNA/hAT-Tag1
3822121	DNA/hAT-Tag1
3824764	DNA/hAT-Tag1
3828737	DNA/hAT-Ac
3829408	DNA/hAT-Ac
3877264	DNA/MULE-MuDR
3878423	DNA/MULE-MuDR
3903593	DNA/MULE-MuDR
3952270	DNA/Kolobok-Hydra
3953699	DNA/Kolobok-Hydra
3954537	DNA/hAT-Ac
3963891	DNA/hAT-Tag1
3970248	DNA/MULE-MuDR
3970921	DNA/MULE-MuDR
3978166	DNA/hAT-Tag1
3978397	DNA/hAT-Tag1
4033263	DNA/hAT-Ac
4037377	DNA/hAT-Ac
4120020	DNA/Maverick
4142058	DNA/hAT-Tag1
4388924	DNA/hAT-Ac
4441702	DNA/Kolobok-Hydra
4444905	DNA/hAT-Tag1
4453570	DNA/hAT-Tag1
4460421	DNA/hAT-Ac
4465520	DNA/hAT-Tag1
4474436	DNA/hAT-Ac
4475186	DNA/MULE-MuDR
4487130	DNA/MULE-MuDR
4564860	DNA/MULE-MuDR
4567971	DNA/hAT-Ac
4647022	DNA/Kolobok-Hydra
4728135	DNA/Kolobok-Hydra
4763611	DNA/hAT-Tag1
4767399	DNA/hAT-Ac
4768069	DNA/hAT-Tag1
4769051	DNA/hAT-Tag1
4772521	DNA/hAT-Tag1
4777357	DNA/hAT-Ac
4781079	DNA/hAT-Tag1
4787666	DNA/Kolobok-Hydra
4790674	DNA/Kolobok-Hydra
4806028	DNA/hAT-Ac
4821212	DNA/MULE-MuDR
4861373	DNA/hAT-Ac
4873459	DNA/MULE-MuDR
4898533	DNA/hAT-Ac
4898665	DNA/hAT-Ac
4943902	DNA/TcMar-Tc2
4944577	DNA/TcMar-Tc2
4967921	DNA/hAT-Tag1
4971519	DNA/hAT-Tag1
4980542	DNA/hAT-Tag1
4981268	DNA/hAT-Tag1
4998944	DNA/CMC-EnSpm
5001445	DNA/hAT-Tag1
5023884	DNA/MULE-MuDR
5044483	DNA/hAT-Ac
5073166	DNA/hAT-Tag1
5103754	DNA/hAT-Ac
5132508	DNA/MULE-MuDR
5137516	DNA/hAT-Tag1
5138724	DNA/hAT-Tag1
5143806	DNA/hAT-Ac
5153676	DNA/hAT-Tag1
5155146	DNA/Kolobok-Hydra
5158329	DNA/Kolobok-Hydra
5161867	DNA/Kolobok-Hydra
5168155	DNA/hAT-Tag1
5185021	DNA/hAT-Ac
5185373	DNA/hAT-Ac
5203026	DNA/hAT-Ac
5204046	DNA/hAT-Tag1
5205227	DNA/hAT-Tag1
5214724	DNA/hAT-Tag1
5234558	DNA/Kolobok-Hydra
5236016	DNA/MULE-MuDR
5245661	DNA/hAT-Ac
5251405	DNA/Kolobok-Hydra
5263112	DNA/hAT-Tag1
5289835	DNA/MULE-MuDR
5303573	DNA/hAT-Ac
5304491	DNA/MULE-MuDR
5343217	DNA/MULE-MuDR
5369947	DNA/hAT-Ac
5393790	DNA/Kolobok-Hydra
5399948	DNA/hAT-Ac
5410735	DNA/MULE-MuDR
5414397	DNA/hAT-Tag1
5461532	DNA/IS3EU
5461795	DNA/IS3EU
5467164	DNA/CMC-Transib
5476169	DNA/hAT-Ac
5478549	DNA/hAT-Tag1
5568152	DNA/hAT-Tag1
5576364	DNA/hAT-Tag1
5590066	DNA/hAT-Tag1
5597656	DNA/MULE-MuDR
5623780	DNA/Kolobok-Hydra
5646556	DNA/CMC-EnSpm
5663280	DNA/MuLE-MuDR
5663813	DNA/CMC-EnSpm
5667365	DNA/MULE-MuDR
5672138	DNA/MULE-MuDR
5700497	DNA/Kolobok-Hydra
5701922	DNA/hAT-Ac
5702757	DNA/CMC-EnSpm
5716963	DNA/CMC-EnSpm
5717442	DNA/Kolobok-Hydra
5722743	DNA/hAT-Tip100
5734351	DNA/MULE-MuDR
5734665	DNA/hAT-Ac
5740403	DNA/MULE-MuDR
5781732	DNA/MuLE-MuDR
5793269	DNA/hAT-Tip100
5802078	DNA/TcMar-Tc2
5858437	DNA/hAT-Ac
5864194	DNA/TcMar-Tc2
5866629	DNA/hAT-Ac
5905450	DNA/TcMar-Tc2
5960284	DNA/hAT-Ac
5960825	DNA/hAT-Ac
5970363	DNA/hAT-Ac
5972912	DNA/Merlin
5981288	DNA/Merlin
6039520	DNA/MULE-MuDR
6049738	DNA/hAT-Ac
6063314	DNA/hAT-Tag1
6064414	DNA/hAT-Tag1
6095657	DNA/MULE-MuDR
6097150	DNA/MULE-MuDR
6102394	DNA/hAT-Ac
6176164	DNA/Kolobok-Hydra
6222848	DNA/MULE-MuDR
6230220	DNA/MULE-MuDR
6252752	DNA/hAT-Ac
6263530	DNA/CMC-EnSpm
6264934	DNA/MuLE-MuDR
6298349	DNA/hAT-Ac
6303174	DNA/hAT-Tag1
6313568	DNA/hAT-Ac
6331876	DNA/CMC-EnSpm
6348073	DNA/CMC-EnSpm
6348523	DNA/MULE-MuDR
6352572	DNA/hAT-Tag1
6359286	DNA/hAT-Tag1
6364840	DNA/Kolobok-Hydra
6373519	DNA/Kolobok-Hydra
6383840	DNA/CMC-EnSpm
6384300	DNA/CMC-EnSpm
6386316	DNA/hAT-Tag1
6386772	DNA/hAT-Tag1
6391850	DNA/CMC-EnSpm
6394772	DNA/MULE-MuDR
6403358	DNA/MULE-MuDR
6439856	DNA/Merlin
6453027	DNA/MULE-MuDR
6456832	DNA/hAT-Ac
664827	LTR
852798	LTR
1050159	LTR
1483518	LTR
1802912	LTR
2253000	LTR
2286017	LTR
2329353	LTR
2564312	LTR
3269522	LTR
3671980	LTR
4581473	LTR
4719117	LTR
5054409	LTR
5112018	LTR
5189662	LTR
6082777	LTR
6101141	LTR
6139096	LTR
6390710	LTR
6417440	LTR
1964	LTR/Gypsy
10774	LTR/Gypsy
17281	LTR/Gypsy
18142	LTR/Gypsy
18961	LTR/Copia
20293	LTR/Gypsy
20733	LTR/Copia
34272	LTR/Copia
35255	LTR/Copia
39885	LTR/Copia
45019	LTR/Gypsy
52310	LTR/Copia
57810	LTR/Copia
58603	LTR/Copia
59142	LTR/Copia
69237	LTR/Copia
93392	LTR/Gypsy
113513	LTR/Gypsy
121114	LTR/Gypsy
132391	LTR/Copia
141303	LTR/Copia
147595	LTR/Copia
160921	LTR/Copia
180030	LTR/Copia
183450	LTR/Gypsy
208067	LTR/Gypsy
208893	LTR/Gypsy
225457	LTR/Copia
245394	LTR/Copia
249322	LTR/Copia
264355	LTR/Gypsy
269941	LTR/Gypsy
271557	LTR/Gypsy
295739	LTR/Copia
295904	LTR/Copia
322711	LTR/Copia
336534	LTR/Copia
339935	LTR/Gypsy
342058	LTR/Copia
342357	LTR/Copia
343632	LTR/Copia
371847	LTR/Copia
375664	LTR/Copia
378293	LTR/Copia
392142	LTR/Copia
393907	LTR/Copia
397104	LTR/Gypsy
402117	LTR/Gypsy
404754	LTR/Gypsy
414421	LTR/Gypsy
433101	LTR/Gypsy
433436	LTR/Gypsy
440237	LTR/Copia
451799	LTR/Copia
452362	LTR/Copia
455743	LTR/Copia
498978	LTR/Gypsy
508497	LTR/Copia
519135	LTR/Copia
525581	LTR/Copia
535045	LTR/Copia
540529	LTR/Copia
550909	LTR/Copia
554418	LTR/Copia
558536	LTR/Gypsy
559950	LTR/Gypsy
560388	LTR/Gypsy
574518	LTR/Gypsy
576636	LTR/Gypsy
577933	LTR/Gypsy
580110	LTR/Gypsy
583300	LTR/Gypsy
599257	LTR/Copia
618997	LTR/Gypsy
619502	LTR/Gypsy
620786	LTR/Gypsy
625416	LTR/Copia
627685	LTR/Copia
637134	LTR/Copia
644316	LTR/Copia
645590	LTR/Copia
646203	LTR/Gypsy
646804	LTR/Gypsy
647700	LTR/Gypsy
649417	LTR/Copia
656282	LTR/Gypsy
658504	LTR/Gypsy
665064	LTR/Copia
671324	LTR/Copia
676726	LTR/Copia
697690	LTR/Copia
698759	LTR/Copia
717640	LTR/Copia
719812	LTR/Copia
726251	LTR/Gypsy
735469	LTR/Copia
736923	LTR/Copia
760006	LTR/Gypsy
780333	LTR/Copia
784152	LTR/Gypsy
784475	LTR/Gypsy
784771	LTR/Gypsy
786314	LTR/Gypsy
816072	LTR/Copia
825889	LTR/Gypsy
839139	LTR/Copia
842513	LTR/Copia
845829	LTR/Copia
846733	LTR/Copia
847509	LTR/Copia
852346	LTR/Copia
864150	LTR/Pao
877018	LTR/Gypsy
879235	LTR/Gypsy
880335	LTR/Gypsy
888598	LTR/Gypsy
889326	LTR/Gypsy
889966	LTR/Gypsy
909901	LTR/Gypsy
911936	LTR/Copia
919875	LTR/Gypsy
920683	LTR/Gypsy
928362	LTR/Gypsy
933458	LTR/Gypsy
939396	LTR/Gypsy
941583	LTR/Gypsy
942179	LTR/Copia
944135	LTR/Copia
945864	LTR/Copia
951769	LTR/Copia
970727	LTR/Copia
979795	LTR/Gypsy
992048	LTR/Gypsy
993335	LTR/Gypsy
1007308	LTR/Copia
1011119	LTR/Copia
1014091	LTR/Gypsy
1019456	LTR/Gypsy
1020816	LTR/Gypsy
1021008	LTR/Gypsy
1021914	LTR/Copia
1031889	LTR/Copia
1032264	LTR/Copia
1032684	LTR/Copia
1034859	LTR/Copia
1041531	LTR/Copia
1048434	LTR/Copia
1050574	LTR/Copia
1056259	LTR/Gypsy
1061432	LTR/Gypsy
1065727	LTR/Copia
1067275	LTR/Gypsy
1074547	LTR/Copia
1082034	LTR/Copia
1088612	LTR/Copia
1089572	LTR/Copia
1113294	LTR/Gypsy
1114280	LTR/Gypsy
1131610	LTR/Copia
1146895	LTR/Gypsy
1148126	LTR/Gypsy
1158042	LTR/Copia
1169562	LTR/Gypsy
1175087	LTR/Gypsy
1180092	LTR/Gypsy
1190149	LTR/Gypsy
1190994	LTR/Gypsy
1193828	LTR/Gypsy
1194237	LTR/Gypsy
1209554	LTR/Gypsy
1211808	LTR/Gypsy
1237630	LTR/Copia
1239920	LTR/Copia
1243897	LTR/Copia
1244243	LTR/Copia
1248633	LTR/Copia
1250544	LTR/Copia
1270864	LTR/Gypsy
1278154	LTR/Gypsy
1279622	LTR/Gypsy
1280046	LTR/Gypsy
1280714	LTR/Gypsy
1282789	LTR/Gypsy
1316178	LTR/Gypsy
1318015	LTR/Gypsy
1323569	LTR/Gypsy
1347783	LTR/Copia
1351788	LTR/Gypsy
1363115	LTR/Copia
1364121	LTR/Copia
1369102	LTR/Copia
1371258	LTR/Gypsy
1373470	LTR/Gypsy
1391756	LTR/Cassandra
1395227	LTR/Copia
1396313	LTR/Gypsy
1401629	LTR/Copia
1403729	LTR/Copia
1417960	LTR/Copia
1425539	LTR/Gypsy
1433798	LTR/Copia
1450747	LTR/Copia
1472117	LTR/Gypsy
1472826	LTR/Gypsy
1476381	LTR/Gypsy
1480890	LTR/Copia
1485825	LTR/Copia
1486415	LTR/Copia
1491980	LTR/Copia
1510423	LTR/Copia
1512544	LTR/Copia
1519903	LTR/Copia
1555597	LTR/Copia
1565983	LTR/Copia
1599381	LTR/Gypsy
1599691	LTR/Gypsy
1605852	LTR/Copia
1607561	LTR/Copia
1618292	LTR/Copia
1619928	LTR/Copia
1627499	LTR/Copia
1636401	LTR/Copia
1649439	LTR/Gypsy
1657160	LTR/Copia
1658609	LTR/Copia
1658957	LTR/Copia
1660214	LTR/Copia
1669229	LTR/Copia
1676013	LTR/Gypsy
1682116	LTR/Gypsy
1691794	LTR/Gypsy
1693532	LTR/Gypsy
1694115	LTR/Gypsy
1696498	LTR/Copia
1700906	LTR/Copia
1703413	LTR/Gypsy
1709194	LTR/Gypsy
1755001	LTR/Copia
1756926	LTR/Copia
1759799	LTR/Gypsy
1760093	LTR/Gypsy
1760670	LTR/Gypsy
1761330	LTR/Gypsy
1766613	LTR/Gypsy
1772597	LTR/Gypsy
1774372	LTR/Copia
1783613	LTR/Gypsy
1785163	LTR/Copia
1785994	LTR/Gypsy
1788805	LTR/Gypsy
1811982	LTR/Copia
1816803	LTR/Copia
1820267	LTR/Gypsy
1824372	LTR/Gypsy
1844781	LTR/Copia
1849387	LTR/Copia
1852741	LTR/Copia
1859898	LTR/Copia
1862591	LTR/Copia
1875319	LTR/Gypsy
1887049	LTR/Gypsy
1891863	LTR/Gypsy
1918815	LTR/Copia
1919927	LTR/Copia
1920001	LTR/Copia
1921748	LTR/Copia
1951829	LTR/Gypsy
1953177	LTR/Copia
1977537	LTR/Copia
1979381	LTR/Copia
1982728	LTR/Copia
1984062	LTR/Copia
2024144	LTR/Copia
2027493	LTR/Copia
2033740	LTR/Copia
2045532	LTR/Copia
2048459	LTR/Copia
2050793	LTR/Copia
2076549	LTR/Gypsy
2093695	LTR/Gypsy
2097686	LTR/Copia
2103260	LTR/Copia
2115796	LTR/Copia
2120953	LTR/Gypsy
2124157	LTR/Gypsy
2137445	LTR/Gypsy
2141252	LTR/Gypsy
2145500	LTR/Copia
2146037	LTR/Copia
2162494	LTR/Copia
2162670	LTR/Copia
2163324	LTR/Copia
2163841	LTR/Copia
2164446	LTR/Gypsy
2182471	LTR/Gypsy
2191075	LTR/Gypsy
2191804	LTR/Gypsy
2214236	LTR/Copia
2215234	LTR/Copia
2221153	LTR/Copia
2257896	LTR/Gypsy
2258421	LTR/Gypsy
2259887	LTR/Copia
2262997	LTR/Gypsy
2264076	LTR/Gypsy
2266165	LTR/Gypsy
2266495	LTR/Gypsy
2267917	LTR/Copia
2272607	LTR/Gypsy
2272783	LTR/Copia
2282169	LTR/Gypsy
2282351	LTR/Gypsy
2327527	LTR/Gypsy
2328834	LTR/Gypsy
2343616	LTR/Copia
2363089	LTR/Gypsy
2364246	LTR/Gypsy
2369423	LTR/Gypsy
2374478	LTR/Gypsy
2381680	LTR/Gypsy
2395714	LTR/Copia
2398234	LTR/Copia
2403607	LTR/Copia
2432646	LTR/Copia
2434953	LTR/Gypsy
2439942	LTR/Gypsy
2442412	LTR/Gypsy
2486144	LTR/Copia
2497237	LTR/Copia
2498991	LTR/Copia
2499713	LTR/Gypsy
2506292	LTR/Gypsy
2511854	LTR/Gypsy
2550976	LTR/Copia
2559057	LTR/Copia
2566608	LTR/Copia
2570072	LTR/Gypsy
2575218	LTR/Copia
2575985	LTR/Copia
2584228	LTR/Copia
2588495	LTR/Copia
2591006	LTR/Copia
2593143	LTR/Copia
2600440	LTR/Gypsy
2613836	LTR/Gypsy
2616408	LTR/Copia
2625275	LTR/Gypsy
2635242	LTR/Copia
2639190	LTR/Gypsy
2653277	LTR/Copia
2654418	LTR/Copia
2659114	LTR/Copia
2685295	LTR/Copia
2689294	LTR/Copia
2712668	LTR/Gypsy
2715269	LTR/Gypsy
2720502	LTR/Gypsy
2722767	LTR/Gypsy
2726257	LTR/Gypsy
2736180	LTR/Copia
2739204	LTR/Copia
2749321	LTR/Copia
2751295	LTR/Copia
2752277	LTR/Copia
2772965	LTR/Gypsy
2798457	LTR/Gypsy
2809882	LTR/Gypsy
2817621	LTR/Gypsy
2818288	LTR/Gypsy
2818921	LTR/Gypsy
2820631	LTR/Copia
2832216	LTR/Copia
2836823	LTR/Copia
2838704	LTR/Copia
2840655	LTR/Gypsy
2845584	LTR/Gypsy
2848274	LTR/Gypsy
2858382	LTR/Gypsy
2867512	LTR/Copia
2869278	LTR/Copia
2895428	LTR/Gypsy
2906844	LTR/Copia
2908241	LTR/Copia
2909196	LTR/Copia
2909976	LTR/Copia
2910596	LTR/Gypsy
2912283	LTR/Gypsy
2912787	LTR/Gypsy
2914349	LTR/Gypsy
2950371	LTR/Gypsy
2954677	LTR/Gypsy
2955400	LTR/Gypsy
2958154	LTR/Gypsy
2960243	LTR/Gypsy
2962132	LTR/Gypsy
2963059	LTR/Gypsy
2963265	LTR/Gypsy
2965476	LTR/Copia
2965677	LTR/Copia
2966308	LTR/Copia
2968555	LTR/Copia
2972206	LTR/Gypsy
2976185	LTR/Copia
2982349	LTR/Copia
2993513	LTR/Copia
2995628	LTR/Gypsy
2996594	LTR/Gypsy
2997377	LTR/Gypsy
2999858	LTR/Gypsy
3000924	LTR/Copia
3002141	LTR/Gypsy
3010620	LTR/Gypsy
3018738	LTR/Gypsy
3021903	LTR/Copia
3023057	LTR/Gypsy
3034464	LTR/Copia
3041745	LTR/Copia
3046140	LTR/Copia
3088618	LTR/Copia
3092797	LTR/Copia
3098832	LTR/Copia
3099460	LTR/Copia
3102298	LTR/Gypsy
3110009	LTR/Copia
3125908	LTR/Copia
3128925	LTR/Copia
3129436	LTR/Copia
3135880	LTR/Gypsy
3136915	LTR/Gypsy
3139879	LTR/Gypsy
3142783	LTR/Gypsy
3144272	LTR/Gypsy
3152958	LTR/Copia
3175861	LTR/Gypsy
3181652	LTR/Copia
3183883	LTR/Copia
3199089	LTR/Copia
3202300	LTR/Copia
3216332	LTR/Copia
3218416	LTR/Gypsy
3231853	LTR/Gypsy
3232571	LTR/Gypsy
3233145	LTR/Gypsy
3233769	LTR/Gypsy
3236155	LTR/Copia
3237031	LTR/Copia
3238152	LTR/Copia
3243254	LTR/Copia
3255140	LTR/Copia
3258601	LTR/Copia
3259542	LTR/Copia
3267447	LTR/Copia
3272089	LTR/Copia
3288071	LTR/Copia
3290214	LTR/Copia
3291681	LTR/Copia
3300392	LTR/Copia
3303302	LTR/Copia
3311354	LTR/Copia
3314207	LTR/Copia
3317667	LTR/Gypsy
3319556	LTR/Copia
3323025	LTR/Gypsy
3324514	LTR/Gypsy
3328276	LTR/Gypsy
3332283	LTR/Gypsy
3350339	LTR/Gypsy
3354633	LTR/Gypsy
3356844	LTR/Gypsy
3357935	LTR/Gypsy
3365775	LTR/Copia
3377913	LTR/Copia
3393341	LTR/Copia
3400911	LTR/Gypsy
3411214	LTR/Gypsy
3413235	LTR/Gypsy
3428626	LTR/Gypsy
3429207	LTR/Gypsy
3431581	LTR/Gypsy
3433472	LTR/Gypsy
3437296	LTR/Gypsy
3439560	LTR/Copia
3441700	LTR/Gypsy
3455762	LTR/Gypsy
3456683	LTR/Gypsy
3470774	LTR/Copia
3471222	LTR/Copia
3471894	LTR/Copia
3473401	LTR/Copia
3474197	LTR/Copia
3483014	LTR/Gypsy
3494945	LTR/Copia
3497883	LTR/Copia
3513879	LTR/Copia
3532000	LTR/Gypsy
3549858	LTR/Copia
3551351	LTR/Copia
3556600	LTR/Copia
3568178	LTR/Copia
3571553	LTR/Copia
3589523	LTR/Copia
3605728	LTR/Copia
3620973	LTR/Gypsy
3635023	LTR/Copia
3643002	LTR/Gypsy
3644606	LTR/Copia
3646129	LTR/Copia
3649711	LTR/Copia
3653812	LTR/Copia
3656098	LTR/Copia
3661356	LTR/Copia
3667221	LTR/Copia
3671178	LTR/Copia
3690767	LTR/Copia
3691263	LTR/Copia
3695946	LTR/Copia
3700960	LTR/Gypsy
3702209	LTR/Gypsy
3704105	LTR/Gypsy
3705207	LTR/Gypsy
3706209	LTR/Copia
3707228	LTR/Gypsy
3707619	LTR/Gypsy
3708230	LTR/Gypsy
3712510	LTR/Gypsy
3715321	LTR/Gypsy
3715492	LTR/Gypsy
3722575	LTR/Gypsy
3723803	LTR/Copia
3726655	LTR/Copia
3727616	LTR/Copia
3729770	LTR/Copia
3753783	LTR/Copia
3759949	LTR/Copia
3784700	LTR/Copia
3831378	LTR/Copia
3832309	LTR/Gypsy
3840001	LTR/Copia
3841506	LTR/Copia
3842300	LTR/Copia
3842797	LTR/Copia
3861064	LTR/Gypsy
3862137	LTR/Gypsy
3862409	LTR/Gypsy
3863191	LTR/Gypsy
3863737	LTR/Gypsy
3864894	LTR/Copia
3868861	LTR/Gypsy
3872545	LTR/Gypsy
3873047	LTR/Gypsy
3873249	LTR/Copia
3876283	LTR/Gypsy
3879015	LTR/Copia
3885587	LTR/Copia
3891154	LTR/Copia
3904601	LTR/Gypsy
3907972	LTR/Gypsy
3908367	LTR/Gypsy
3914406	LTR/Gypsy
3914975	LTR/Gypsy
3915807	LTR/Gypsy
3919826	LTR/Gypsy
3920395	LTR/Gypsy
3921228	LTR/Gypsy
3922085	LTR/Gypsy
3922980	LTR/Gypsy
3924400	LTR/Copia
3926782	LTR/Copia
3968413	LTR/Gypsy
3971845	LTR/Gypsy
3976047	LTR/Gypsy
3977277	LTR/Copia
3980996	LTR/Gypsy
3982490	LTR/Gypsy
3983459	LTR/Gypsy
4001185	LTR/Copia
4016217	LTR/Copia
4017893	LTR/Copia
4024623	LTR/Copia
4056410	LTR/Gypsy
4057733	LTR/Copia
4058687	LTR/Copia
4067466	LTR/Gypsy
4067933	LTR/Gypsy
4074040	LTR/Copia
4085954	LTR/Copia
4087100	LTR/Copia
4088550	LTR/Copia
4089096	LTR/Copia
4091672	LTR/Copia
4092231	LTR/Copia
4094660	LTR/Gypsy
4095650	LTR/Copia
4102697	LTR/Gypsy
4103229	LTR/Copia
4119500	LTR/Gypsy
4120750	LTR/Gypsy
4126538	LTR/Gypsy
4128719	LTR/Gypsy
4129828	LTR/Gypsy
4134366	LTR/Gypsy
4136104	LTR/Copia
4137902	LTR/Gypsy
4147036	LTR/Gypsy
4150413	LTR/Gypsy
4152097	LTR/Gypsy
4155148	LTR/Gypsy
4157641	LTR/Gypsy
4158176	LTR/Gypsy
4164140	LTR/Copia
4172670	LTR/Copia
4181717	LTR/Gypsy
4189522	LTR/Copia
4192746	LTR/Copia
4211677	LTR/Gypsy
4211938	LTR/Gypsy
4218287	LTR/Gypsy
4219011	LTR/Gypsy
4219564	LTR/Gypsy
4220232	LTR/Gypsy
4226761	LTR/Copia
4228923	LTR/Copia
4235811	LTR/Gypsy
4236383	LTR/Gypsy
4236887	LTR/Gypsy
4241482	LTR/Copia
4242592	LTR/Copia
4243134	LTR/Copia
4243632	LTR/Copia
4244812	LTR/Gypsy
4245752	LTR/Copia
4248289	LTR/Copia
4248760	LTR/Copia
4251944	LTR/Gypsy
4259223	LTR/Copia
4265602	LTR/Copia
4270429	LTR/Gypsy
4271420	LTR/Gypsy
4277783	LTR/Gypsy
4280669	LTR/Gypsy
4282098	LTR/Gypsy
4286054	LTR/Copia
4286968	LTR/Copia
4290778	LTR/Copia
4305528	LTR/Copia
4307378	LTR/Copia
4308875	LTR/Copia
4310171	LTR/Gypsy
4312356	LTR/Gypsy
4312836	LTR/Gypsy
4315066	LTR/Gypsy
4329968	LTR/Copia
4332706	LTR/Gypsy
4337248	LTR/Gypsy
4350362	LTR/Copia
4355838	LTR/Copia
4357974	LTR/Copia
4359453	LTR/Copia
4363030	LTR/Copia
4366131	LTR/Gypsy
4366497	LTR/Gypsy
4366830	LTR/Gypsy
4372812	LTR/Copia
4384849	LTR/Gypsy
4393475	LTR/Copia
4401026	LTR/Gypsy
4407583	LTR/Gypsy
4408562	LTR/Copia
4412214	LTR/Gypsy
4417650	LTR/Gypsy
4418122	LTR/Copia
4421438	LTR/Copia
4426966	LTR/Copia
4430125	LTR/Copia
4433151	LTR/Copia
4434663	LTR/Copia
4435947	LTR/Copia
4439529	LTR/Copia
4448998	LTR/Copia
4454528	LTR/Gypsy
4455178	LTR/Gypsy
4461479	LTR/Copia
4475993	LTR/Copia
4480655	LTR/Copia
4489670	LTR/Gypsy
4493170	LTR/Gypsy
4493771	LTR/Gypsy
4500506	LTR/Gypsy
4505561	LTR/Gypsy
4506073	LTR/Gypsy
4507552	LTR/Gypsy
4510532	LTR/Gypsy
4513277	LTR/Gypsy
4514629	LTR/Gypsy
4519254	LTR/Gypsy
4524488	LTR/Gypsy
4530523	LTR/Gypsy
4531811	LTR/Gypsy
4532993	LTR/Gypsy
4544535	LTR/Gypsy
4549280	LTR/Gypsy
4555062	LTR/Gypsy
4555723	LTR/Gypsy
4562963	LTR/Copia
4568767	LTR/Copia
4583357	LTR/Gypsy
4583855	LTR/Gypsy
4589480	LTR/Gypsy
4591618	LTR/Gypsy
4592748	LTR/Gypsy
4595618	LTR/Gypsy
4602692	LTR/Gypsy
4605635	LTR/Gypsy
4606131	LTR/Gypsy
4608152	LTR/Copia
4608545	LTR/Copia
4610770	LTR/Gypsy
4613697	LTR/Gypsy
4614226	LTR/Gypsy
4619512	LTR/Gypsy
4620801	LTR/Copia
4629574	LTR/Copia
4630971	LTR/Copia
4631392	LTR/Copia
4640669	LTR/Copia
4643769	LTR/Copia
4648527	LTR/Copia
4652443	LTR/Copia
4656374	LTR/Copia
4666895	LTR/Copia
4669663	LTR/Gypsy
4674655	LTR/Copia
4680953	LTR/Gypsy
4682303	LTR/Gypsy
4685850	LTR/Gypsy
4686555	LTR/Gypsy
4689268	LTR/Gypsy
4695369	LTR/Gypsy
4696104	LTR/Gypsy
4705437	LTR/Gypsy
4708409	LTR/Gypsy
4710163	LTR/Copia
4710743	LTR/Copia
4713269	LTR/Gypsy
4718592	LTR/Gypsy
4721500	LTR/Copia
4745059	LTR/Gypsy
4747165	LTR/Gypsy
4748404	LTR/Gypsy
4776311	LTR/Gypsy
4777973	LTR/Gypsy
4778180	LTR/Gypsy
4801552	LTR/Copia
4803237	LTR/Copia
4821556	LTR/Copia
4825623	LTR/Copia
4827949	LTR/Copia
4829763	LTR/Copia
4830160	LTR/Gypsy
4843919	LTR/Gypsy
4849532	LTR/Gypsy
4850556	LTR/Gypsy
4853135	LTR/Gypsy
4854969	LTR/Gypsy
4855426	LTR/Gypsy
4855968	LTR/Gypsy
4860900	LTR/Gypsy
4861912	LTR/Gypsy
4862414	LTR/Copia
4865829	LTR/Gypsy
4869796	LTR/Copia
4873253	LTR/Copia
4877774	LTR/Copia
4878184	LTR/Copia
4883885	LTR/Copia
4884281	LTR/Copia
4884408	LTR/Copia
4885748	LTR/Copia
4895068	LTR/Copia
4901183	LTR/Gypsy
4904502	LTR/Copia
4908039	LTR/Copia
4916617	LTR/Gypsy
4923097	LTR/Gypsy
4923998	LTR/Copia
4934250	LTR/Copia
4940762	LTR/Gypsy
4949638	LTR/Copia
4969424	LTR/Copia
4984076	LTR/Gypsy
4993077	LTR/Copia
5000834	LTR/Copia
5014909	LTR/Copia
5027130	LTR/Gypsy
5030640	LTR/Gypsy
5031347	LTR/Gypsy
5033983	LTR/Gypsy
5048014	LTR/Gypsy
5049684	LTR/Gypsy
5055226	LTR/Gypsy
5055673	LTR/Gypsy
5057051	LTR/Gypsy
5057676	LTR/Gypsy
5069316	LTR/Copia
5071245	LTR/Cassandra
5081164	LTR/Copia
5087017	LTR/Gypsy
5087988	LTR/Gypsy
5088659	LTR/Gypsy
5089683	LTR/Gypsy
5090381	LTR/Gypsy
5106083	LTR/Gypsy
5106528	LTR/Gypsy
5107200	LTR/Gypsy
5111710	LTR/Copia
5123475	LTR/Copia
5123684	LTR/Copia
5124104	LTR/Copia
5129497	LTR/Gypsy
5145880	LTR/Copia
5147355	LTR/Gypsy
5149396	LTR/Gypsy
5152011	LTR/Copia
5152421	LTR/Copia
5155803	LTR/Copia
5156352	LTR/Copia
5170829	LTR/Copia
5182251	LTR/Copia
5190668	LTR/Copia
5200801	LTR/Copia
5206690	LTR/Gypsy
5209516	LTR/Gypsy
5210074	LTR/Gypsy
5215883	LTR/Gypsy
5217055	LTR/Gypsy
5217694	LTR/Gypsy
5219547	LTR/Gypsy
5220359	LTR/Gypsy
5238934	LTR/Gypsy
5241702	LTR/Gypsy
5258051	LTR/Gypsy
5268715	LTR/Copia
5269347	LTR/Copia
5276211	LTR/Gypsy
5283019	LTR/Gypsy
5287192	LTR/Gypsy
5287696	LTR/Gypsy
5290187	LTR/Copia
5293889	LTR/Copia
5301755	LTR/Copia
5312749	LTR/Gypsy
5316805	LTR/Copia
5317177	LTR/Copia
5318132	LTR/Copia
5318786	LTR/Copia
5330065	LTR/Copia
5337297	LTR/Copia
5339155	LTR/Copia
5341772	LTR/Copia
5355646	LTR/Copia
5358850	LTR/Copia
5363029	LTR/Copia
5369141	LTR/Copia
5371890	LTR/Gypsy
5376221	LTR/Gypsy
5378319	LTR/Gypsy
5382898	LTR/Copia
5383449	LTR/Copia
5385362	LTR/Copia
5389950	LTR/Gypsy
5391253	LTR/Gypsy
5397944	LTR/Copia
5400928	LTR/Gypsy
5408904	LTR/Copia
5416377	LTR/Gypsy
5419546	LTR/Copia
5427341	LTR/Copia
5427612	LTR/Copia
5434277	LTR/Gypsy
5440027	LTR/Gypsy
5446975	LTR/Gypsy
5447629	LTR/Gypsy
5451201	LTR/Copia
5484222	LTR/Copia
5489819	LTR/Gypsy
5490266	LTR/Copia
5491078	LTR/Copia
5502238	LTR/Gypsy
5504955	LTR/Gypsy
5506549	LTR/Copia
5513093	LTR/Copia
5513394	LTR/Copia
5514384	LTR/Copia
5515718	LTR/Copia
5517633	LTR/Copia
5522726	LTR/Copia
5523569	LTR/Copia
5553965	LTR/Gypsy
5557721	LTR/Gypsy
5558011	LTR/Copia
5561807	LTR/Gypsy
5563049	LTR/Gypsy
5577331	LTR/Gypsy
5591487	LTR/Gypsy
5598453	LTR/Gypsy
5619397	LTR/Gypsy
5673389	LTR/Gypsy
5677487	LTR/Gypsy
5681507	LTR/Copia
5682147	LTR/Copia
5687660	LTR/Copia
5688154	LTR/Copia
5689645	LTR/Copia
5691390	LTR/Copia
5691752	LTR/Copia
5692184	LTR/Copia
5694783	LTR/Copia
5695026	LTR/Copia
5698715	LTR/Copia
5699179	LTR/Copia
5708110	LTR/Gypsy
5720522	LTR/Copia
5737668	LTR/Copia
5740948	LTR/Gypsy
5742297	LTR/Copia
5748465	LTR/Copia
5751488	LTR/Copia
5753840	LTR/Copia
5757673	LTR/Copia
5763058	LTR/Gypsy
5766805	LTR/Gypsy
5776859	LTR/Gypsy
5777136	LTR/Gypsy
5783849	LTR/Copia
5788450	LTR/Copia
5794074	LTR/Gypsy
5811963	LTR/Copia
5812418	LTR/Copia
5826545	LTR/Gypsy
5830999	LTR/Copia
5837413	LTR/Copia
5842143	LTR/Copia
5852069	LTR/Copia
5862090	LTR/Gypsy
5891258	LTR/Copia
5893663	LTR/Copia
5895122	LTR/Copia
5895998	LTR/Copia
5903284	LTR/Gypsy
5903947	LTR/Gypsy
5918672	LTR/Gypsy
5924234	LTR/Copia
5926277	LTR/Copia
5927106	LTR/Copia
5935466	LTR/Copia
5946339	LTR/Gypsy
5953787	LTR/Gypsy
5954920	LTR/Copia
5957077	LTR/Copia
5958137	LTR/Copia
5958835	LTR/Copia
5959317	LTR/Copia
5963359	LTR/Copia
5968828	LTR/Copia
5976986	LTR/Gypsy
5979694	LTR/Gypsy
5984844	LTR/Copia
5985543	LTR/Copia
5987680	LTR/Copia
5988856	LTR/Copia
5997117	LTR/Copia
6001872	LTR/Gypsy
6006837	LTR/Gypsy
6009121	LTR/Gypsy
6010835	LTR/Gypsy
6017729	LTR/Copia
6027251	LTR/Copia
6036170	LTR/Copia
6050276	LTR/Gypsy
6052702	LTR/Gypsy
6056081	LTR/Gypsy
6080747	LTR/Copia
6081010	LTR/Copia
6093715	LTR/Gypsy
6113741	LTR/Copia
6122160	LTR/Copia
6127686	LTR/Copia
6148697	LTR/Copia
6155452	LTR/Copia
6160654	LTR/Gypsy
6165244	LTR/Copia
6165574	LTR/Copia
6165878	LTR/Copia
6166618	LTR/Gypsy
6167783	LTR/Gypsy
6173707	LTR/Gypsy
6178738	LTR/Copia
6185954	LTR/Copia
6192163	LTR/Copia
6204278	LTR/Copia
6275704	LTR/Copia
6279878	LTR/Gypsy
6283522	LTR/Gypsy
6285697	LTR/Gypsy
6286858	LTR/Gypsy
6301836	LTR/Copia
6319460	LTR/Gypsy
6343436	LTR/Copia
6345553	LTR/Copia
6363001	LTR/Gypsy
6367568	LTR/Gypsy
6375096	LTR/Gypsy
6399307	LTR/Gypsy
6407731	LTR/Copia
6409361	LTR/Gypsy
6418740	LTR/Copia
6428023	LTR/Gypsy
6437786	LTR/Gypsy
6448913	LTR/Gypsy
6450793	LTR/Gypsy
6455812	LTR/Gypsy
6458157	LTR/Gypsy
6460168	LTR/Gypsy
6467127	LTR/Copia
6478849	LTR/Gypsy
6481028	LTR/Gypsy
6481976	LTR/Gypsy
6486772	LTR/Copia
6487217	LTR/Copia
6492366	LTR/Copia
6493776	LTR/Copia
6500095	LTR/Caulimovirus
6508383	LTR/Gypsy
6509556	LTR/Gypsy
6515960	LTR/Gypsy
6518228	LTR/Gypsy
6522543	LTR/Pao
6543818	LTR/Gypsy
6544414	LTR/Gypsy
6554281	LTR/Copia
6555179	LTR/Copia
42860	LINE/RTE-BovB
278521	LINE/L1
291181	LINE/RTE-BovB
305321	LINE/RTE-BovB
330036	LINE/L1
333320	LINE/L1
333561	LINE/L1
383771	LINE/RTE-BovB
419346	LINE/L1
436100	LINE/RTE-BovB
494506	LINE/L1
494832	LINE/L1
519555	LINE/RTE-BovB
558904	LINE/L2
607661	LINE/RTE-BovB
609190	LINE/L1
614299	LINE/RTE-BovB
821615	LINE/L1
824252	LINE/RTE-BovB
841739	LINE/L1
927342	LINE/L1
949370	LINE/L1
970356	LINE/L2
1037600	LINE/L1
1044946	LINE/L1
1046763	LINE/L1
1116117	LINE/RTE-BovB
1241997	LINE/RTE-BovB
1258464	LINE/RTE-BovB
1287286	LINE/L2
1360416	LINE/RTE-BovB
1372924	LINE/L1
1456360	LINE/RTE-BovB
1457965	LINE/RTE-BovB
1523775	LINE/RTE-BovB
1536461	LINE/RTE-BovB
1580043	LINE/RTE-BovB
1582854	LINE/RTE-BovB
1631062	LINE/RTE-BovB
1754177	LINE/L1
1754381	LINE/L1
1786271	LINE/L1
1880326	LINE/RTE-BovB
2044087	LINE/L2
2162203	LINE/RTE-BovB
2166019	LINE/RTE-BovB
2184597	LINE/RTE-BovB
2185035	LINE/RTE-BovB
2190180	LINE/RTE-BovB
2250312	LINE/RTE-BovB
2412967	LINE/Jockey
2420520	LINE/RTE-BovB
2421485	LINE/RTE-BovB
2426287	LINE/RTE-BovB
2426948	LINE/RTE-BovB
2580240	LINE/RTE-BovB
2630993	LINE/RTE-BovB
2666977	LINE/RTE-BovB
2723259	LINE/L1
3084568	LINE/RTE-BovB
3114310	LINE/L2
3134562	LINE/RTE-BovB
3289242	LINE/L2
3531640	LINE/L2
3556211	LINE/L2
3561865	LINE/L1
3563516	LINE/L1
3600113	LINE/L1
3637456	LINE/L1
3641390	LINE/RTE-BovB
3692358	LINE/L2
4029475	LINE/L2
4082411	LINE/L1
4443465	LINE/RTE-BovB
4660390	LINE/RTE-BovB
4795867	LINE/RTE-BovB
4893666	LINE/RTE-BovB
4966629	LINE/RTE-BovB
4985627	LINE/L2
5067439	LINE/RTE-BovB
5070252	LINE/RTE-BovB
5126549	LINE/Jockey
5162600	LINE/RTE-BovB
5196728	LINE/L2
5199211	LINE/L2
5300058	LINE/L2
5323853	LINE/RTE-BovB
5400704	LINE/RTE-BovB
5408389	LINE/RTE-BovB
5584780	LINE/RTE-BovB
5597441	LINE/RTE-BovB
5615281	LINE/Jockey
5623218	LINE/Jockey
5704714	LINE/L2
5910396	LINE/L2
5919336	LINE/L2
6030070	LINE/L1
6032821	LINE/L1
6035220	LINE/L1
6141460	LINE/L1
6161959	LINE/L2
6214479	LINE/RTE-BovB
6336970	LINE/RTE-BovB
6439426	LINE/Jockey
468274	SINE
631188	SINE
819632	SINE
1950667	SINE
2233042	SINE
2690663	SINE
3815251	SINE
5298820	SINE
5393007	SINE
203082	exon
212019	exon
213893	exon
214154	exon
5661	exon
11195	exon
11349	exon
11505	exon
11739	exon
22069	exon
22500	exon
23683	exon
33105	exon
33819	exon
43832	exon
44085	exon
66717	exon
73376	exon
73625	exon
74192	exon
74820	exon
75014	exon
75370	exon
76553	exon
76827	exon
157393	exon
170563	exon
170907	exon
171084	exon
174880	exon
175098	exon
175270	exon
463280	exon
463641	exon
463804	exon
464114	exon
464886	exon
465079	exon
467236	exon
467401	exon
467560	exon
467763	exon
468742	exon
475877	exon
476793	exon
477222	exon
477361	exon
478395	exon
478816	exon
480667	exon
480827	exon
255215	exon
260034	exon
260216	exon
282254	exon
282455	exon
282624	exon
282972	exon
283107	exon
283382	exon
283629	exon
283783	exon
287101	exon
289933	exon
301430	exon
301734	exon
302077	exon
302339	exon
302587	exon
306686	exon
306918	exon
315529	exon
423878	exon
424377	exon
429007	exon
434543	exon
392765	exon
389869	exon
485244	exon
486554	exon
488679	exon
490926	exon
500597	exon
501152	exon
501498	exon
501659	exon
216308	exon
216500	exon
216740	exon
217493	exon
317045	exon
317185	exon
317360	exon
318721	exon
319256	exon
319439	exon
321035	exon
321174	exon
321339	exon
321510	exon
321650	exon
321861	exon
322011	exon
323237	exon
324089	exon
324257	exon
324549	exon
325014	exon
506714	exon
506979	exon
507107	exon
511426	exon
511756	exon
512101	exon
513586	exon
514008	exon
514166	exon
514344	exon
518300	exon
518455	exon
520104	exon
520927	exon
523630	exon
385937	exon
382219	exon
381975	exon
312026	exon
315580	exon
798204	exon
798623	exon
803242	exon
764257	exon
765277	exon
765548	exon
765706	exon
708739	exon
708901	exon
709464	exon
709867	exon
710097	exon
710282	exon
710483	exon
711112	exon
711437	exon
711756	exon
711969	exon
712346	exon
712773	exon
712952	exon
713085	exon
615231	exon
615290	exon
621802	exon
621935	exon
629905	exon
630343	exon
816543	exon
817730	exon
818896	exon
820305	exon
820912	exon
603281	exon
609402	exon
609828	exon
610128	exon
610511	exon
610760	exon
822444	exon
823737	exon
823903	exon
836866	exon
631862	exon
634293	exon
634485	exon
634955	exon
635401	exon
663625	exon
663783	exon
584108	exon
584235	exon
585999	exon
586319	exon
586629	exon
587691	exon
592961	exon
593114	exon
593347	exon
549228	exon
549578	exon
554641	exon
830828	exon
831666	exon
809369	exon
809811	exon
809969	exon
847716	exon
848178	exon
849259	exon
837213	exon
837668	exon
837924	exon
828053	exon
828483	exon
828720	exon
921965	exon
1100584	exon
1100925	exon
1102071	exon
1102292	exon
1103839	exon
1104977	exon
1105962	exon
1107020	exon
1107735	exon
854311	exon
855302	exon
857790	exon
858211	exon
858766	exon
859218	exon
860731	exon
862743	exon
862939	exon
863392	exon
970969	exon
972473	exon
973571	exon
1125128	exon
1125449	exon
1127273	exon
1128502	exon
1128702	exon
1130857	exon
1098241	exon
1097918	exon
1096475	exon
1119893	exon
1107785	exon
1164833	exon
1165089	exon
1354622	exon
1354870	exon
1358192	exon
1358443	exon
1358815	exon
1359947	exon
1361712	exon
1361876	exon
1362534	exon
1377883	exon
1378068	exon
1378201	exon
1309289	exon
1311094	exon
1330073	exon
1332231	exon
1333424	exon
1378914	exon
1379986	exon
1335026	exon
1336364	exon
1338279	exon
1482875	exon
1493983	exon
1494457	exon
1412102	exon
1409296	exon
1409120	exon
1408581	exon
1408341	exon
1408088	exon
1407793	exon
1407540	exon
1405272	exon
1390986	exon
1389683	exon
1388987	exon
1388586	exon
1388400	exon
1388277	exon
1388112	exon
1387850	exon
1387669	exon
1387492	exon
1385934	exon
1382920	exon
1382509	exon
1382239	exon
1165737	exon
1172025	exon
1172329	exon
1172566	exon
1195878	exon
1196123	exon
1198759	exon
1199420	exon
1199616	exon
1199985	exon
1200192	exon
1200426	exon
1200595	exon
1201240	exon
1201531	exon
1207761	exon
1215300	exon
1215443	exon
1215606	exon
1215811	exon
1216020	exon
1217164	exon
1217429	exon
1218001	exon
1218136	exon
1218337	exon
1219831	exon
1220041	exon
1220608	exon
1225722	exon
1231459	exon
1237019	exon
1237184	exon
1241532	exon
1241757	exon
1241910	exon
1259423	exon
1259677	exon
1259939	exon
1260176	exon
1265611	exon
1267794	exon
1269065	exon
1496352	exon
1496510	exon
1499131	exon
1504641	exon
1608870	exon
1610402	exon
1615067	exon
1508511	exon
1509293	exon
1514433	exon
1515155	exon
1521267	exon
1521610	exon
1525823	exon
1526077	exon
1528316	exon
1528793	exon
1530025	exon
1542483	exon
1543252	exon
1543561	exon
1543836	exon
1543896	exon
1544841	exon
1545133	exon
1545754	exon
1545886	exon
1546077	exon
1455334	exon
1455623	exon
1455779	exon
1455992	exon
1456901	exon
1457246	exon
1457540	exon
1479893	exon
1481962	exon
1482164	exon
1482559	exon
1534949	exon
1537345	exon
1631769	exon
1632435	exon
1632813	exon
1640963	exon
1641221	exon
1643837	exon
1616170	exon
1616406	exon
1616796	exon
1616947	exon
1617149	exon
1617683	exon
1629110	exon
1630202	exon
1573612	exon
1574397	exon
1577584	exon
1578613	exon
1581748	exon
1581936	exon
1586475	exon
1586766	exon
1587082	exon
1587279	exon
1587535	exon
1587743	exon
1587899	exon
1588034	exon
1588199	exon
1588359	exon
1589059	exon
1590253	exon
1539517	exon
1540462	exon
1541870	exon
1989333	exon
1990917	exon
1992749	exon
1838036	exon
1838908	exon
1839117	exon
1839600	exon
1840037	exon
1840965	exon
1841635	exon
1841931	exon
1842138	exon
1842451	exon
2110641	exon
2111038	exon
2114252	exon
2115075	exon
2117678	exon
2117895	exon
2118126	exon
2118969	exon
2120089	exon
2128853	exon
2129090	exon
2129992	exon
2130369	exon
2130583	exon
2131756	exon
2133539	exon
1900187	exon
1900503	exon
1900714	exon
1900861	exon
1901860	exon
1901991	exon
1902319	exon
1902921	exon
1903063	exon
1903805	exon
1903982	exon
1904939	exon
1905103	exon
1905502	exon
1705456	exon
1706507	exon
1706741	exon
1914994	exon
1921021	exon
1921612	exon
1923537	exon
1923650	exon
1923823	exon
1925914	exon
1926625	exon
1919901	exon
1920302	exon
1920446	exon
1920701	exon
1863621	exon
1865154	exon
1997498	exon
1998347	exon
1999335	exon
1971001	exon
1971604	exon
1973420	exon
1973606	exon
1975822	exon
1976128	exon
1976289	exon
1790985	exon
1793210	exon
1800238	exon
1800550	exon
1800787	exon
1801480	exon
1801703	exon
1905973	exon
1907431	exon
1907583	exon
1907918	exon
1908119	exon
1908267	exon
1909524	exon
1909838	exon
1911173	exon
1911285	exon
1913834	exon
1914557	exon
1916257	exon
1916862	exon
1917349	exon
1917897	exon
1918213	exon
1922286	exon
1866923	exon
1882905	exon
1946506	exon
1944148	exon
1943969	exon
1940620	exon
1940333	exon
1939812	exon
1938542	exon
1938173	exon
1936962	exon
1936741	exon
1934577	exon
1934016	exon
1933779	exon
1933282	exon
2035677	exon
2035859	exon
2036327	exon
2036487	exon
1897375	exon
1900053	exon
2287827	exon
2291843	exon
2297732	exon
2302109	exon
2136253	exon
2136949	exon
2152182	exon
2152386	exon
2155488	exon
2155633	exon
2161639	exon
2167832	exon
2169112	exon
2173489	exon
2174753	exon
2176935	exon
2179827	exon
2180176	exon
2180506	exon
2180749	exon
2186271	exon
2186446	exon
2186631	exon
2194522	exon
2194881	exon
2195032	exon
2195183	exon
2195871	exon
2407303	exon
2416551	exon
2417668	exon
2417934	exon
2419985	exon
2422975	exon
2304687	exon
2304881	exon
2304983	exon
2305209	exon
2310568	exon
2310911	exon
2311983	exon
2312360	exon
2319334	exon
2319992	exon
2322395	exon
2322763	exon
2323775	exon
2326154	exon
2326331	exon
2326475	exon
2332952	exon
2333313	exon
2333434	exon
2335627	exon
2336949	exon
2337238	exon
2339060	exon
2339507	exon
2197408	exon
2198580	exon
2198768	exon
2200482	exon
2200943	exon
2201404	exon
2201578	exon
2201918	exon
2202095	exon
2202307	exon
2203168	exon
2203494	exon
2205350	exon
2424193	exon
2424445	exon
2424963	exon
2425289	exon
2429619	exon
2304920	exon
2312014	exon
2313262	exon
2313612	exon
2314355	exon
2314658	exon
2315557	exon
2316013	exon
2317681	exon
2222344	exon
2223537	exon
2223822	exon
2225090	exon
2225565	exon
2226254	exon
2228329	exon
2228542	exon
2229476	exon
2229607	exon
2229758	exon
2230036	exon
2232322	exon
2234029	exon
2234188	exon
2235408	exon
2236026	exon
2246841	exon
2251627	exon
2251884	exon
2271488	exon
2586335	exon
2586777	exon
2595535	exon
2595948	exon
2604062	exon
2604565	exon
2606067	exon
2607062	exon
2607327	exon
2610018	exon
2610903	exon
2630707	exon
2631984	exon
2634385	exon
2562168	exon
2562449	exon
2523109	exon
2524329	exon
2524882	exon
2525974	exon
2526200	exon
2526473	exon
2526753	exon
2527042	exon
2527210	exon
2527481	exon
2527728	exon
2528076	exon
2528265	exon
2528478	exon
2529969	exon
2530938	exon
2531270	exon
2533372	exon
2535137	exon
2537510	exon
2662942	exon
2665207	exon
2665562	exon
2667609	exon
2668122	exon
2669917	exon
2670428	exon
2670978	exon
2671362	exon
2671980	exon
2672885	exon
2674243	exon
2454023	exon
2454386	exon
2461652	exon
2461849	exon
2484572	exon
2488283	exon
2494002	exon
2494036	exon
2489100	exon
2487907	exon
2822472	exon
2823063	exon
2823733	exon
2828853	exon
2829251	exon
2829661	exon
2831051	exon
2832162	exon
2837475	exon
2865293	exon
2865826	exon
2867066	exon
2869920	exon
2870497	exon
2872585	exon
2897380	exon
2900595	exon
2901009	exon
2901627	exon
2902578	exon
2902749	exon
2918023	exon
2923491	exon
2923638	exon
2924668	exon
2924825	exon
2925077	exon
3025508	exon
3025865	exon
3026061	exon
3026320	exon
3027085	exon
3027435	exon
3027729	exon
3027931	exon
3029358	exon
3030906	exon
3039076	exon
3040073	exon
3040239	exon
3040469	exon
3040650	exon
3041437	exon
3051432	exon
3051663	exon
3051860	exon
3052201	exon
3052347	exon
3055821	exon
3055999	exon
3056265	exon
3056447	exon
3056728	exon
3058347	exon
3058608	exon
3060358	exon
3060540	exon
3060811	exon
2893187	exon
2894625	exon
2926836	exon
2930195	exon
2930942	exon
2931928	exon
2933507	exon
2933938	exon
2934105	exon
2934578	exon
2934787	exon
2935097	exon
2937265	exon
2938360	exon
2938772	exon
2940066	exon
2940256	exon
2940940	exon
2941155	exon
2941393	exon
2970397	exon
2730085	exon
2730904	exon
2748299	exon
2750033	exon
2751068	exon
2752828	exon
2753289	exon
2754147	exon
2733777	exon
2734319	exon
2735132	exon
2736467	exon
2736605	exon
2740900	exon
2745313	exon
2741220	exon
2742260	exon
3064259	exon
3067114	exon
3067932	exon
3069082	exon
3069375	exon
2765962	exon
2766479	exon
2767235	exon
2768030	exon
2769597	exon
2770997	exon
2771062	exon
2778690	exon
2778977	exon
2779198	exon
2779468	exon
2789550	exon
2789965	exon
3111929	exon
3112314	exon
3117878	exon
3121182	exon
3205525	exon
3210851	exon
3122724	exon
3123199	exon
3123390	exon
3124422	exon
3124679	exon
3128015	exon
3170184	exon
3170391	exon
3170540	exon
3171271	exon
3174712	exon
3185130	exon
3187452	exon
3188707	exon
3189272	exon
3189421	exon
3189841	exon
3191829	exon
3261215	exon
3263091	exon
3264279	exon
3196800	exon
3200387	exon
3200791	exon
3201365	exon
3295711	exon
3298615	exon
3300037	exon
3300244	exon
3300439	exon
3301085	exon
3082375	exon
3083019	exon
3086617	exon
3091581	exon
3091909	exon
3101223	exon
3157815	exon
3158590	exon
3158783	exon
3262722	exon
3265825	exon
3266306	exon
3266571	exon
3192908	exon
3194037	exon
3194166	exon
3629750	exon
3581312	exon
3583896	exon
3480998	exon
3481046	exon
3481442	exon
3421265	exon
3423164	exon
3423417	exon
3423948	exon
3426184	exon
3446856	exon
3447157	exon
3447622	exon
3447945	exon
3448176	exon
3537461	exon
3537916	exon
3538197	exon
3538855	exon
3539013	exon
3539246	exon
3539729	exon
3539924	exon
3551606	exon
3451188	exon
3453224	exon
3458586	exon
3458751	exon
3462927	exon
3463338	exon
3463502	exon
3463659	exon
3464245	exon
3465073	exon
3465532	exon
3598158	exon
3598393	exon
3598769	exon
3599218	exon
3600585	exon
3601057	exon
3601356	exon
3602790	exon
3617570	exon
3627150	exon
3633359	exon
3633822	exon
3634092	exon
3640750	exon
3669910	exon
3675789	exon
3675985	exon
3676896	exon
3678395	exon
3686193	exon
3314055	exon
3313247	exon
3806160	exon
3808902	exon
3809141	exon
3809418	exon
3810276	exon
4039052	exon
4041426	exon
4041819	exon
4041952	exon
4042152	exon
4042342	exon
4042498	exon
3942489	exon
3956606	exon
3956901	exon
3820825	exon
3848297	exon
3984203	exon
3985342	exon
3985969	exon
3970006	exon
3965908	exon
3961260	exon
3768105	exon
3768524	exon
3780419	exon
3821488	exon
3825125	exon
3825331	exon
3865827	exon
3859937	exon
3850907	exon
3820095	exon
3815760	exon
3814098	exon
3813958	exon
3813026	exon
4349763	exon
4357118	exon
4370391	exon
4371334	exon
4372196	exon
4376561	exon
4377756	exon
4378273	exon
4138592	exon
4138960	exon
4139390	exon
4139692	exon
4140049	exon
4140310	exon
4143792	exon
4082678	exon
4100082	exon
4099809	exon
4099613	exon
4099419	exon
4064828	exon
4064407	exon
4064088	exon
4063893	exon
4442665	exon
4471896	exon
4472089	exon
4472557	exon
4487895	exon
4488058	exon
4650117	exon
4650961	exon
4658884	exon
4659113	exon
4660638	exon
4660901	exon
4661913	exon
4380459	exon
4382604	exon
4729108	exon
4729581	exon
4729766	exon
4731739	exon
4732809	exon
4733207	exon
4756362	exon
4723157	exon
4723285	exon
4723660	exon
4723893	exon
4724356	exon
4935512	exon
4937834	exon
4890111	exon
4890687	exon
4890804	exon
4891196	exon
4891393	exon
4894299	exon
4954024	exon
4759555	exon
4759944	exon
4760111	exon
4760610	exon
4761045	exon
4773193	exon
4773363	exon
4773643	exon
4773846	exon
4774684	exon
4782171	exon
4782508	exon
4782959	exon
4784914	exon
4786408	exon
4786577	exon
4793551	exon
4797312	exon
4797525	exon
4797726	exon
4797942	exon
4798153	exon
4798357	exon
4799087	exon
4799301	exon
4661566	exon
4662338	exon
4663046	exon
4673279	exon
4673511	exon
4673694	exon
4673847	exon
4674000	exon
4708954	exon
4709193	exon
4709325	exon
4709515	exon
5201371	exon
5201839	exon
5201986	exon
5223285	exon
5223527	exon
5223684	exon
5223900	exon
5224360	exon
5309800	exon
5310251	exon
5310770	exon
5311250	exon
5311564	exon
5311972	exon
5312191	exon
5312317	exon
5312532	exon
5324955	exon
5328570	exon
5329424	exon
5332305	exon
5332440	exon
5332896	exon
5333220	exon
5333522	exon
5333860	exon
5334188	exon
5334623	exon
5335913	exon
5336049	exon
5336256	exon
5045957	exon
5058763	exon
5060826	exon
5068668	exon
5076085	exon
5079488	exon
5081982	exon
5082179	exon
5085083	exon
5085295	exon
5085480	exon
5095921	exon
5096195	exon
5096414	exon
5096575	exon
5096775	exon
5097428	exon
5097614	exon
5097873	exon
5098349	exon
5135572	exon
5135924	exon
5136218	exon
5136439	exon
5141215	exon
5224358	exon
5223916	exon
5102158	exon
5102256	exon
5104314	exon
5110398	exon
5117939	exon
5120983	exon
5122548	exon
5122859	exon
5125103	exon
5126139	exon
5126435	exon
5142446	exon
5159456	exon
5159847	exon
5163821	exon
5171279	exon
5179594	exon
5183275	exon
5183431	exon
5188500	exon
4958183	exon
4959353	exon
4960989	exon
4961432	exon
4966277	exon
4968848	exon
4969028	exon
4972761	exon
4973824	exon
4974019	exon
4976328	exon
4977949	exon
4978135	exon
4978346	exon
4978548	exon
4978751	exon
4983183	exon
4989644	exon
4989889	exon
4990050	exon
4990419	exon
4990585	exon
4994055	exon
4994886	exon
5000119	exon
5005115	exon
5005300	exon
5006034	exon
5260465	exon
5260531	exon
5260692	exon
5260974	exon
5263750	exon
5264105	exon
5264360	exon
5270323	exon
5270769	exon
5272622	exon
5226787	exon
5226927	exon
5227328	exon
5253248	exon
5253402	exon
5253556	exon
5253782	exon
5254004	exon
5254181	exon
5255502	exon
5259892	exon
5023289	exon
5012281	exon
5012004	exon
5007508	exon
5007279	exon
5541474	exon
5542908	exon
5547619	exon
5571646	exon
5574439	exon
5581906	exon
5585555	exon
5586395	exon
5586584	exon
5588222	exon
5459799	exon
5455444	exon
5658413	exon
5658625	exon
5900795	exon
5901126	exon
5901434	exon
5901585	exon
5901777	exon
5902170	exon
5902411	exon
5906790	exon
5907028	exon
5718183	exon
5718557	exon
5759874	exon
5774016	exon
5774468	exon
5776484	exon
5776809	exon
5679013	exon
5795258	exon
5795928	exon
5796527	exon
5796769	exon
5797258	exon
5797999	exon
5798927	exon
5800364	exon
5800724	exon
5801329	exon
5801510	exon
5806585	exon
5806791	exon
5808290	exon
5809486	exon
5809744	exon
5809955	exon
5813417	exon
5723761	exon
5724781	exon
5725867	exon
5726065	exon
5726826	exon
5726961	exon
5727322	exon
5727570	exon
5730894	exon
5731203	exon
5732385	exon
5732669	exon
5816963	exon
5817880	exon
5819360	exon
5819747	exon
5883184	exon
5882918	exon
5881701	exon
6472698	exon
6180632	exon
6194541	exon
6195188	exon
6195784	exon
6196063	exon
6196266	exon
6196544	exon
6196754	exon
6196938	exon
6197132	exon
6197403	exon
6197766	exon
6198052	exon
6198364	exon
6198486	exon
6198717	exon
6200289	exon
6201586	exon
6211040	exon
5991625	exon
5998203	exon
6358239	exon
6360569	exon
6360922	exon
6378464	exon
6378713	exon
6380776	exon
6384688	exon
6384810	exon
6385098	exon
6385384	exon
6329851	exon
6331479	exon
6333931	exon
6334639	exon
6334947	exon
6337810	exon
6339696	exon
6339932	exon
6349582	exon
6350525	exon
6351400	exon
6299175	exon
6299818	exon
6300986	exon
6305146	exon
6305696	exon
6306178	exon
6308899	exon
6311140	exon
5932344	exon
5933959	exon
6061759	exon
5962294	exon
5971455	exon
6040239	exon
6040668	exon
6042877	exon
6045367	exon
6069277	exon
6073194	exon
6073296	exon
6258599	exon
6259061	exon
6259253	exon
6259455	exon
6259781	exon
6259951	exon
6260121	exon
6260748	exon
6116539	exon
6115605	exon
6115171	exon
6114891	exon
6114598	exon
6351453	exon
6353882	exon
6262840	exon
6263083	exon
6263254	exon
6267070	exon
6267442	exon
6267654	exon
6267817	exon
6268358	exon
6268611	exon
6268956	exon
6269630	exon
6271167	exon
6272107	exon
6272348	exon
6272483	exon
6314864	exon
6315412	exon
6316438	exon
6316575	exon
6316752	exon
6317035	exon
6327640	exon
6328606	exon
6328712	exon
6085982	exon
6172299	exon
6160025	exon
